sequence,label
GTTCTGCTCGCCACATTTTTCGGAGGACCTATGACCATTTTCCCGCAACTCGAAATCCCT,1
AGAGCGCGAGTTCAGCTTGAGGTTCGCGCCATGTCAGACAGCGTCACGTCGCCAAAATCC,1
CTTTGAAAACCGACCCGAGGGGAATTGACCATGACGCTGCCTGATCCCCCCAAACAGGAA,1
GTCAAGTCGAGCTGGTAAGGAGCGCATCACATGAACGATCCTATCGCAGATATGCTGACA,1
CATAAACTGGAGCAATCCGCCGGAGGCCCCATGACACAGACGATCCTTGATAAAATCAAA,0
ACGGGCATTTAAACGGGTGGGGTTGGTATCGTGGCCAAGAAAGTAACAGGCATTGAAGAG,0
GGTATCCATGAAGCTCTGAAGGAACAGAAAGTGAAACATACTGCTATGGCTGCCGAACCT,0
TGCTGCAGGCAAGTTCAAAAAGGTGCCGCAGTGCAGAATAATCCGAATACGACCCTCGTA,1
CACATCACCCTTCCAAAATACAGGGCCGGCATGGTGGCTGAACCGCTCGTTCTGTTGCCC,1
CATAAACTGGAGCAATCCGCCGGAGGCCCCATGACACAGACGATCCTTGATAAAATCAAA,1
TCAGGATAAACTGACACATTAGGCTGCACTATGACCACAGACTACGATACGGAAAAAACA,1
CTAACGTGCAAAACGAAAGGGAGCCAGACCATGCCCATGCAAGCCCACGAGATCGAAGAC,0
GCAGTTCAGCAGCGCTGCTCCCGTGAACTGATGGGCCAGCTCGATCCGATCGAACAAAGC,1
AGCAACCATTCAGTTACCAAGGGAAATTTCATGGGAAACGAGCTTCTGGCGGGAAAACGC,1
CATAAGAATTGAACAAGAAGGATATAGACTATGGCAGATGATGGCTCCGCCCAAACAACG,1
GTTAAGATCCCCAATTCAAGGGATATGCATATGGCTCAGAGCCAAAACATCCGTATTCGC,0
AGTCGGAACAACCGACAGCAAGCAGGCAGCATGAGTGGTAACCTAGAGCAATTTTTGACT,1
GTTGCAGCGCTATTTTTTCGGAGGCAACCCGTGGCGGAAAAACAAAAAACACTACTGATA,1
GACCTGCAATGATGAATGGAAGGACCACCTATGGCCGAGAGCACAAAATCAGCAACACTG,1
AAAACCCCTGCACCAAAGGCAATACAGCTGATGAGTTATCCAACCCAACCCACCGCCAGC,1
GTCTTCGCCTTAAGAAAAAGGGATCAAAAAATGTCAAAAGTTATCGGTATCGACCTCGGA,1
CGCTTCATGAAAGGACGCAGAACAACGCTCATGGCGACGAACACAGTAGTGGAGGAAGTG,1
GACCGGCGACAGAACACAAAGAGAATTCGCATGAAAACAGCATTGGTCATCCTTGCGGCG,1
ACAAGTCACCTACAAGTAAGGAGCGCGCAGATGCCTACAGAAATTCTCATGCCCGCCCTG,0
AGCCCCACCCTTACATATTGGAGAGTATCAATGGCTGGAGAAATTCCGGATCTTGTCGCT,1
CGTGCCAGTTCGACGTAGTGGAGGGATAAGATGGTAAAGACCGTAATCATTGAAGAAGCC,0
TGGTTCGAAACTCATCACAGGCCATGAATCATGATCACCCCTGACACCGAAGCGGCCCTG,1
AGCAACCATTCAGTTACCAAGGGAAATTTCATGGGAAACGAGCTTCTGGCGGGAAAACGC,0
GACACAGATCGGTATGCAAGGAGGCATCACATGGAAAAATTTGGCAAATCACAGCCCGTA,0
CCCGACGCCACATGAAAAGAGGTTTTCACAATGACTGATGCAAGCGTAAAAGAAACATTT,0
GATAGCCACGAACGAGCTGGGGGGCATTTCATGGCCCTGCATCTGACCGATCTCATGGTC,0
CCCTGCTTGTGGCCCCGCTAAACAAAGCCGATGAACGATGTCAGCGACACAAAACCGGTA,0
TCAAGAGCGGCCTCGGGATCATTTGAACCAATGAAAAAGCATTCAGATTTATTTTTTGAC,0
CGCATTGAATAACCAAGAGGGGGCCCGACAATGGCTTTTGAACTTCCTGATCTTCCCTAC,1
GATGCCACGCATGCCGGAGAAAGACCCCAGATGGAAACCATCTATACGGAAAAACACAAA,1
CGGTCAATAAGTGTGCAGGAATGAGCGGATATGCCGGATACGAACCCGATTGAGTTAGGT,0
CTGCCCGGCCTGCGCGGAAAAGGAAGACGCATGAGCCTTGTTGACGTTGACGGGCTCAGC,1
TAACCAACCTCCAAATTACAGGGACAGATCATGGCATATAAGTCAGACATCGAAATCGCG,1
AGTTTTGCCAGCCGGGGGACAATAAGGCCTATGCAAGAGCCTGCCATCACACCAGACCTG,1
ACAAGTCACCTACAAGTAAGGAGCGCGCAGATGCCTACAGAAATTCTCATGCCCGCCCTG,0
GATTGAGTTAAACGGTAGGTGAATACGGCGATGACGGATGCTCCCAAAATCTCGGCGATA,0
GGTATCCATGAAGCTCTGAAGGAACAGAAAGTGAAACATACTGCTATGGCTGCCGAACCT,1
AAAGGGACGCTTAACGAAAAGGAGATAGCCATGGACTTGAGCAAGTTCACGGAACGGTCG,0
CTGCGGCGCACAGACGAAAAGGAAGAAGACATGAAACTTGTAAGATACGGTGACGCAGGC,1
TGGACAAATCAGCAATGTCGGAGCGCGTGTATGAGTATTCTTGATCCAATTAAGTCCGAG,1
CATTGTACCCTTTGCGCGCAGGAGAAAATAATGGGCCAAAGCAATATCAACCTTGGTGCC,0
GCAGTATACCTACCGGTACGGGGGAAAATGATGTTTGAAGAGAGTGTCGGTCGTTTAAAG,0
CCGGACCATCCAGCAGAGGATACTTAACTGATGTCAGATACAGCTATCGGCACGGCAGAA,1
GTCATGACCCAAACCCAAAGGAACAGAAAAGTGAGCGAACCAAAGGATGCCGATGCCCGC,0
CGGCGCATTTGTTACGAAAGAGAGCCCTTCATGGTTTCTGCTGTCGAGAGCATGGCTGCC,0
GTCTTCGCCTTAAGAAAAAGGGATCAAAAAATGTCAAAAGTTATCGGTATCGACCTCGGA,0
GCGCGTTGGAGCAAGAGAGGGAGGCCAGCGATGAGTGCAAACACGGCGTATGAGGCTCTG,1
GTCATGACCCAAACCCAAAGGAACAGAAAAGTGAGCGAACCAAAGGATGCCGATGCCCGC,0
CGCTACAGACCACTTTTCAGGAGAACCGCCATGGCCAACCCTTCCCTTTTAATTCTTCCG,0
ACGGGCATTTAAACGGGTGGGGTTGGTATCGTGGCCAAGAAAGTAACAGGCATTGAAGAG,0
CGCGCAGAGACCCCAAAGAGGAAACCAGACATGCCCGCGCCACTGAACACGTTCAAAAAA,1
GGGGAACTCACCTGACGCTAACCTCCAACAATGGTTGAACATTCTTCCCTTGCCACAGAG,0
GGAAAGATACATGATCATATGGAGCCGAGAATGCAAGCGCCACAAACAACTGTTGATCCG,1
TATCCTCAAACTGATTGCCGAGGCGCGCGGTTGATCGCGTTTGACCATATTGCAATCGCC,0
GAAATAATAACGAACAGGGAACAGTAAAAAATGGCACTAAAACCCCCATTATCCGATCTG,0
CGAATCAACCTATTCTGTGAGGAGCAGCGCATGGCCGCCAAAGACACCAATGACGACGCA,1
GGGCCGCAAGAAACGGAGCCCTGTGCGTCGATGAATATAATACTGTTGGGGCCACCAGGG,1
TCCCTCTTCCTAATCTCGGAAACACCTCCCATGCCACACGTCCAAGAACCCAAGCTGATT,0
GTTCCGGGCAGGATAAGGACGCATAAGCGCATGGATTCGATATTGGTCAAAGGGGGCGGC,1
GATTGAGTTAAACGGTAGGTGAATACGGCGATGACGGATGCTCCCAAAATCTCGGCGATA,0
AATTCCGGGTGCGTCAGAACGGAGGAACCGATGGAAATAATGCTTGCGTACGACCATTCG,1
TTTCGAGAACTGGCAAAGGACCAAAAAACCATGACGAACGTCGTAATCGCCTCCGCCGCA,1
CGCACCCTGATCTCCCGAAGGAACACGAACATGGTTGGCAGCGCAAATCTCAATATCATG,1
CAAGGACTGCCGCGCAAAAGGAGAGTTTTAATGGACAATTGGGTCGCCCACGCCATTCGA,1
CCGCGACGCGGGTTTGGCCATAAAGCAGCCGTGTCGAGTCAAGGAAACCTCCCCATGCAG,1
AAACCATCGGGGAACAAAAGGGCAGGGCATATGGAGACGGCGCAGCTGGCGGCAGGCATC,1
CAAGCCCTTGAAGACTAAAGGACCTCCGAGATGTCGACCAGCCAGACCAGCGCGGATATT,1
TCCCTCTTCCTAATCTCGGAAACACCTCCCATGCCACACGTCCAAGAACCCAAGCTGATT,0
GTGGCCTGACACGGACATTTTTGCGCACTCATGAGCGGGATATTTCAAGATACCGCGCGC,1
GTGCGCGGGCCAGAAGCGGAGACGAAAAACATGAGCGAATGGACAAAATCAAGCTGGCGT,0
GGCGGCCCAATTCCTTTTAGGGGATAGGCTATGATCGAATTCACTATTTCTCCCGCCCGG,0
AGTCGGAACAACCGACAGCAAGCAGGCAGCATGAGTGGTAACCTAGAGCAATTTTTGACT,0
GGCCCGGCGCACAGATCAGGAGCGATGGAAATGTTCGACGCAGCAGAGGGCCAGACCGAG,0
GGCCCGGCGCACAGATCAGGAGCGATGGAAATGTTCGACGCAGCAGAGGGCCAGACCGAG,0
GGACCACATCCGGCAAAAGGAGAAGCGACAATGAAACTGCATGAACTTTCCGACAATGAT,1
TAAGTAAAAATAATCAAGAGGTTCTAAACGATGGCTCAACTTACACTGCTCGGACTGTCC,1
CCCTGCAAGCCGCAAGGAAAGGAGCCTGCTATGACGGACAAGAAGCACACGCCAATCTCC,1
GGGCCTCTGGGTCGCGCGTGGGGTATATTTATGAGCGCAGTGCAAACACTGACCGTCGGC,1
CCATCACATCAAACACATTGGAGTATTTAGATGGGTTACCGCGTCGTTGTTGCGGGTGCC,0
GAGAAGTCAGGATTTTACAGGAGAATACAAATGGCTGCCTTGCTTGACACGATTGACCCC,0
TCAGAAGCAACAGGCCCGCAGGAGGGTCGCATGCTCGAGTTGAACGGCATTGATAAATCC,1
CTGGGCGCGAATCCTCGCGGCGCTGACCTGATGTTTGCCGGGTTCGAGGTGGGCGACGCC,0
GGGCGGTGTTAGATGGCATTTGCTCCGGCTATGACCTTGCCGGAAACTGACCTCACTGAA,1
GCCCTTTCCCAGACGAGACATAGACCGCCCATGCCCGTATTCCTGAATGCTGCCGACCCG,0
CGTGCGCAAAAATGAGCCGAGGACACCGATATGGATACAGAGACCCTGACCACCCATGAT,1
GGGGAACTCACCTGACGCTAACCTCCAACAATGGTTGAACATTCTTCCCTTGCCACAGAG,0
GCTCACGCGGTCCTTTCTGGAGAGCATCGCATGAGCGCACCCAAATTCACGACCCTTGGC,0
CGGCGCATTTGTTACGAAAGAGAGCCCTTCATGGTTTCTGCTGTCGAGAGCATGGCTGCC,0
GAGAAGTCAGGATTTTACAGGAGAATACAAATGGCTGCCTTGCTTGACACGATTGACCCC,1
ACGCAAAGACTGACGGATAGGCATTGTGCGATGACGCTACCGAATTATTTTTATGGCGGC,0
TCAGAAGCAACAGGCCCGCAGGAGGGTCGCATGCTCGAGTTGAACGGCATTGATAAATCC,0
GATCGTTCGGAATCATGAGAAGAGGTAAGAATGTCAGACTACAGTAAGATGCGTGAACAA,1
GCGGGCCGCCGTATTTCGTGGATACCGCCAATGGATAAGATACCCATGACCCGCAAGGGC,1
GCGCAGACACAGACCATGAGGGAGAGATCGATGCAGGACCTGACACATTACTTGAACGGG,0
CCTATCCCATCTTGAACGCAAGGAGGGCATATGGACCTGATCAACGTCAACGACCTGCCG,0
TGTGCGGTCGCGGCTATGCAATTTGGAAATATGGCTAAGAAAATGCTTATCGATGCCACC,0
GCCTGTCCCAGACAAAGAGGCGTGCATGCTATGACATTTGAAACATCCGGCCCAGTTGAG,0
GAATGTGCAAGCTTGAAATGGTGCGGTGCGATGTCTGAGAACAATATACTTGCAGAGCGC,0
CCATGGCGCGCCCAGACCGGAACGAAATCAATGATCCTATATCCCGCGATTGATCTCAAA,0
GAACCAGCGAAACAAGCGGCGGAGTAGACAATGACACAAGCCATGAAAATCGCGATTGTC,0
CCCCCCCAAACCACACCATATCCCATTACCATGACACCGCTTTCACATATCCGCAATTTC,0
AGATCGCCGTGCCGGATTGGGGGAAATCCTATGGGGGATGATGTGGTTCTGGATGTGCGT,1
GAAGCATATAACCCAACGGAGCGCATTGTCATGAGTGAAGCAGAGGATTTGGTCGCCGAG,1
ACGATCCAACTCGGGTAAGGGAGAAAACGAATGGGTGGAATTCCTCACGATCACTACGAG,0
GGGCGGTGTTAGATGGCATTTGCTCCGGCTATGACCTTGCCGGAAACTGACCTCACTGAA,0
TTTCATTTTCCCTCCAAAGGGTGAACACAGATGACAGACACGCAAAACCCGAAATCTTCC,0
CGTGCCAGTTCGACGTAGTGGAGGGATAAGATGGTAAAGACCGTAATCATTGAAGAAGCC,0
TCAAAACCTAAGACTAACGCGAGGTGCTGAATGACCACCCTATCAATCCCGGCACTGGAA,1
GAAACCTCATCATTCAAGGGAGATGCCCTCATGAACGCCCCCCACCGCGCCCCTGGCTTT,1
CGAATCAACCTATTCTGTGAGGAGCAGCGCATGGCCGCCAAAGACACCAATGACGACGCA,0
GAATGTGCAAGCTTGAAATGGTGCGGTGCGATGTCTGAGAACAATATACTTGCAGAGCGC,0
CATGGGGCGCAGACAAGAATGGAGGGACGCATGATCCACAAGAACTGGGCTGAATTGATC,0
CCCGTTGCGCCGAAAAAAAGGACAAGGTTTATGTCAAATCCTTCCGATACCACAGATATC,0
GCAGTATACCTACCGGTACGGGGGAAAATGATGTTTGAAGAGAGTGTCGGTCGTTTAAAG,1
GGAAAGATACATGATCATATGGAGCCGAGAATGCAAGCGCCACAAACAACTGTTGATCCG,0
ACTGCGCGCGGATGCCAGAATTCGCATCCAATGAGCCCTGCAACGGCCCCCGTCCTGATC,1
GCGCCGGGTGTGCATGCTAGGGGCTGGGGCATGGAAAAGCTCGAAGAACAGATCGCCCAT,0
GACGCAACAATCATGCAACGGGGTTCTCTGATGACGGCTGCTTTTTCCACCCTTGATGAG,1
TTTCAATGGCAAGGTCTGGGAGGACGAAAATTGAATACTGTTCCAACGCAGGTCGACGGA,0
CCCGTTGCGCCGAAAAAAAGGACAAGGTTTATGTCAAATCCTTCCGATACCACAGATATC,1
AATGCGCCCTGATACAAATAAGGAAGACACATGCCTTTATACGAGCATGTTATGATCGCA,0
CATCGCCCCCCAAAGGTCGGGAGAAACCAAATGATCCAGATGCAGACCAACCTGGATGTT,1
AAAGGGACGCTTAACGAAAAGGAGATAGCCATGGACTTGAGCAAGTTCACGGAACGGTCG,0
GCAGTATACCTACCGGTACGGGGGAAAATGATGTTTGAAGAGAGTGTCGGTCGTTTAAAG,0
GTAATGCGCAGGATTTCGCAACATGCCCTTATGAAAACACCGCTGATCGACAACCTGCAA,1
ATCGACTTTGAACGGCGGGAGGGCTAGGGAATGGCGGCTATTGACCCCCTGCCAGAGGCT,1
GATCGTTCGGAATCATGAGAAGAGGTAAGAATGTCAGACTACAGTAAGATGCGTGAACAA,0
GACCGGCGACAGAACACAAAGAGAATTCGCATGAAAACAGCATTGGTCATCCTTGCGGCG,0
TCACGCGGCTGACAAGAAGGCGAAACGCAAATGAGCAAGGATAAAAATCCCCGCCGCGTG,1
AAGAACGCCAACTTGCAAGTGAGTCGACGGATGCTTTTCACCAACGCCAGAATTGTGACC,1
GGGCGGTGTTAGATGGCATTTGCTCCGGCTATGACCTTGCCGGAAACTGACCTCACTGAA,0
TGCCTCATTGCAGCGCCTATAGCCGCAGGCATGCTCGATACACCAAAAAACCGCGCGGAT,1
CAATGAGCGAACACAAAAGGGAGACCCGCAATGGAAACGATTTCTGAAAACGCCTGTTTC,0
CTGAGCTGCGACACCTTAATTGATCCTTTTATGATAAAAGACACAAAACTGACCGACACG,0
CGGCGTCGCGGTCACGATCGGAGCTGTTTCATGTTACATGCCAACCGACCCCTGCGGTCC,1
GCCGCTTCCGATAGCCTGGAGGCATAAACCATGCACGCCATCAAACCCGCGCATTCAAAG,0
GCCCTTTCCCAGACGAGACATAGACCGCCCATGCCCGTATTCCTGAATGCTGCCGACCCG,1
CCAATCGAGAAGTTCAAAGGCAGACACGTTTTGGTTATATCGACACTCGCCGACACGGTG,0
TCGCGAGTGCCTTGCAAAGACGGACACTGAATGAACACGCCCTTCGACCCTGATATGCCA,1
GAACTTTTTGAACGACATGAAGGTTGCCGCATGAGCGACGCGTTGAAACCGCTGATCGGG,1
AACGAAAAATGACCAATACGAGGGGACATCATGGCGGCTATTACCACAATCCAGGATCTG,0
AATGCGCCCTGATACAAATAAGGAAGACACATGCCTTTATACGAGCATGTTATGATCGCA,1
CATTGTACCCTTTGCGCGCAGGAGAAAATAATGGGCCAAAGCAATATCAACCTTGGTGCC,1
ATGCCGGATGGAACCACCAAAGGGACGGCGATGCTGCACTTCGAGCCCACACAGGACAAC,1
AACTCGGTCAAAATACGAAGGTATGACGACATGTCCGAAAACGATCAGACTCCCGAAGAA,1
ACGGGCATTTAAACGGGTGGGGTTGGTATCGTGGCCAAGAAAGTAACAGGCATTGAAGAG,1
CGCGCGGAACTTTAACCGAAAGGACGTTCTATGAAGATCGACGGCACGCACTACCGATCC,1
ATCGCGGCACAATCAAAGGGATCCATCGCTATGTTTCAGTCATTTGAAGTCACAGCCCGC,1
CTAACGTGCAAAACGAAAGGGAGCCAGACCATGCCCATGCAAGCCCACGAGATCGAAGAC,1
CGCAGGAAAGACAATAAGAAGGAACACATCATGCTGATGCCAGAATTCGAGGTGATCGAT,1
TCAAGAGCGGCCTCGGGATCATTTGAACCAATGAAAAAGCATTCAGATTTATTTTTTGAC,1
GTTAAGATCCCCAATTCAAGGGATATGCATATGGCTCAGAGCCAAAACATCCGTATTCGC,1
TCGCAATTGTCGAGCACAAAGAGGAATATCATGAGCCTGAGCCTATTTGACCTGACGGGC,0
CCATGACGACTGGCCCGAGGGAGACTGCCCATGCTCGATCTGACTTATGAGACCCCCGCA,0
ACAAGTCACCTACAAGTAAGGAGCGCGCAGATGCCTACAGAAATTCTCATGCCCGCCCTG,1
CGGCGCATTTGTTACGAAAGAGAGCCCTTCATGGTTTCTGCTGTCGAGAGCATGGCTGCC,0
CGAATCAACCTATTCTGTGAGGAGCAGCGCATGGCCGCCAAAGACACCAATGACGACGCA,0
AAGCCCTCTTGAAAAATTGGAATTACATGCATGAAGACCCCCTTCCCTTTCTCCGCCATC,1
GGAAGAACATATCATTGAGGAGCCGTCCTGATGTATCTCGCCTCTGACAACACCGGACCC,1
AAAACCGTCACCCTGAAGGAGCGTTGATTGATGACCGATACAAACCAACACTCCGCTTCC,1
GAGGCATGAAATGTCAGGCATTGTAACATCATGAGCTTCTCACCCGACCAAAATGAATTG,1
GAGGCATGAAATGTCAGGCATTGTAACATCATGAGCTTCTCACCCGACCAAAATGAATTG,0
GCCTACGGTAATCAAAAAACAGGGCAAAACATGTTTGAGAACGCTTTCAACAGCATAGAC,1
AATATCCTTCCTGCTACAGAAAGACTTCACATGTTCAATAAGATCCTGATTGCCAACCGC,0
GCGCCTCGATAACCGCGAAAGGAAACGCACATGTATACGGTCATCGGCCCCGTCAAATCC,0
TCCCTCTTCCTAATCTCGGAAACACCTCCCATGCCACACGTCCAAGAACCCAAGCTGATT,1
CCCGAACCCTGATCGATACCGGAGACGCTGATGCCTACTTTTACTGCCCTGACGACGCTG,1
CGGTATTGTCCACAATGCCAGGAGAAACACATGACGGCGCACGCCATGAACGAAACAGCG,0
GTTTCGGCGGGACAGTAGCGGGTTAGTGGTATGAATGGATCCTTTCTGACCAACACCTCG,1
ACGCCTCAGTCATATCAAACCGAGGCCCTCATGGAATTCCTGTCTACGACGCTCGCGCGC,1
AGTTTTGCCAGCCGGGGGACAATAAGGCCTATGCAAGAGCCTGCCATCACACCAGACCTG,0
ACCGATGGCTGGCCCCAAAAGGAGACGACGATGACCGACGCCTATATCTATGACGCGCTG,0
ACAATGGTGGATGTGTTTGTAGGAGAAAACATGGCCAAGGAAGATACGCTCGAATTCCCC,1
TGTGCCAGCTAGACTTCCGGGAGATACTCGATGGCTGAATACGAATATGAAACACATGAA,0
TAATTCCCCAATTCCCGGCAGGAGAGCGACATGGACCCGATTAAAACCCGTCAGCAAGGC,1
AGGGTGACGCACAGCACGGAAGGAAACAAGATGGCGCAACATATAACGATACGAAAAGCG,1
CACATTGAAAAATCAAAAAAGGAGCAAGGGATGACTCAGACAGCCGTTGCGCTTGCGACC,1
CAGGGGCAAGTCCCCGGATAGGAGAGAGACATGTTTAAGGCGCTTGTGGTCAACAAGGAC,1
TTTCATTTTCCCTCCAAAGGGTGAACACAGATGACAGACACGCAAAACCCGAAATCTTCC,0
GGCGGCCCAATTCCTTTTAGGGGATAGGCTATGATCGAATTCACTATTTCTCCCGCCCGG,1
TGCCCTACGCCGTGAAGTAAGGAGAACATCATGCAAGTTATCCTTCTCGAACGTGTCGCA,1
CCAACGTTTTGAGTTACCAAGAGGACGAACATGGCCGCGGCAAAAACCATCCTGCGCTCT,1
CGAATCAACCTATTCTGTGAGGAGCAGCGCATGGCCGCCAAAGACACCAATGACGACGCA,0
CCATGACGACTGGCCCGAGGGAGACTGCCCATGCTCGATCTGACTTATGAGACCCCCGCA,1
TGTGCGGTCGCGGCTATGCAATTTGGAAATATGGCTAAGAAAATGCTTATCGATGCCACC,1
CCCCCCCAAACCACACCATATCCCATTACCATGACACCGCTTTCACATATCCGCAATTTC,0
CCCTGCTTGTGGCCCCGCTAAACAAAGCCGATGAACGATGTCAGCGACACAAAACCGGTA,1
CGGGCAGCAGGGTTTGGGGGCAGTCGCTTTATGACGGCGCAGACCGGTCAGACGCAATCA,1
ACAAGTCACCTACAAGTAAGGAGCGCGCAGATGCCTACAGAAATTCTCATGCCCGCCCTG,0
ACCCCGTGCCAATCCGATGGGAACAACCGTATGAGCAAGCCTTCTGACAATCCCGCAGAT,1
CTGTCGAAATATCTGGGGTAGGAGAGCATCATGTCAGGTCTTTTAGCAGGAAAACGCGGG,1
AGTGGCCGCCACAAGCAAGCGGAGGGCATCATGACCAAAGAGATCGTAATTCTGGACGGC,0
CGCTACAGACCACTTTTCAGGAGAACCGCCATGGCCAACCCTTCCCTTTTAATTCTTCCG,0
GATTGAGTTAAACGGTAGGTGAATACGGCGATGACGGATGCTCCCAAAATCTCGGCGATA,0
GTCTACTTTCTGCAACTTGTGGGGAACGCCTTGACTCAATCAAACGCCATCGACGCGTCA,1
GTCATGACCCAAACCCAAAGGAACAGAAAAGTGAGCGAACCAAAGGATGCCGATGCCCGC,1
TCAAGAGCGGCCTCGGGATCATTTGAACCAATGAAAAAGCATTCAGATTTATTTTTTGAC,0
AAAGATCATTCAGAGCCTCGGAGTGCACGCGTGACCAAAGACTTCATCGTAAAAGATATT,1
GTAATGCGCAGGATTTCGCAACATGCCCTTATGAAAACACCGCTGATCGACAACCTGCAA,0
GAACCAGCGAAACAAGCGGCGGAGTAGACAATGACACAAGCCATGAAAATCGCGATTGTC,1
CTGAGCTGCGACACCTTAATTGATCCTTTTATGATAAAAGACACAAAACTGACCGACACG,0
AAAGGGACGCTTAACGAAAAGGAGATAGCCATGGACTTGAGCAAGTTCACGGAACGGTCG,1
CGTCGTGCGCCAAGTTGAGGAGCAAGCCTAATGGGTAACAAAGTCAATCCGATTGGCATG,1
GAACCAGCGAAACAAGCGGCGGAGTAGACAATGACACAAGCCATGAAAATCGCGATTGTC,0
AGATCGCCGTGCCGGATTGGGGGAAATCCTATGGGGGATGATGTGGTTCTGGATGTGCGT,0
CCAACGTTTTGAGTTACCAAGAGGACGAACATGGCCGCGGCAAAAACCATCCTGCGCTCT,0
TGTGCCAGCTAGACTTCCGGGAGATACTCGATGGCTGAATACGAATATGAAACACATGAA,1
CTAACCCGCGTCTTGGGAGGGACGTAAGATATGGCAAATCTCAATCTGACAGACGTTGGC,1
TTGTGCCCAATTGGGCTGGAGAAGGCGAGAATGAAAAAAGACCTCAAACCGCGGACGCGC,1
ATCGACTTTGAACGGCGGGAGGGCTAGGGAATGGCGGCTATTGACCCCCTGCCAGAGGCT,0
TTACGGCCGAGATAAGCGAAATGTAATAACATGACAAGTGATTCGACGGAGAACGGCACG,1
GAATGTGCAAGCTTGAAATGGTGCGGTGCGATGTCTGAGAACAATATACTTGCAGAGCGC,1
CTGAGCTGCGACACCTTAATTGATCCTTTTATGATAAAAGACACAAAACTGACCGACACG,1
TTTGGCGCGCGGTCGTGGCAGGACAGGGGCATGGATAAGCTTTTTGGAACGGATGGGGTG,0
AGTTTTGCCAGCCGGGGGACAATAAGGCCTATGCAAGAGCCTGCCATCACACCAGACCTG,0
GCGGTGCATGTGAATTTCCCCTGATCCGCCATGGCACTCACACCTGATTTCGATGCGTTT,1
CCTATCCCATCTTGAACGCAAGGAGGGCATATGGACCTGATCAACGTCAACGACCTGCCG,1
CATGGGGCGCAGACAAGAATGGAGGGACGCATGATCCACAAGAACTGGGCTGAATTGATC,1
GTTGCAGGCGGCGGGATACAGGGGGGCCTCATGAAGGGCCAGACGATCATTCTCGATCAC,1
GAGCCTAGCGAAATCCGCTAGCCCTTGGCCATGTTGAACGTGAATGAATTTGGCGCGCCC,1
CTTCCTCATCCAGACAGCGGAAAAACCCAAATGCCGATCAAGATACCTGCCGACCTTCCT,1
CCATGGCGCGCCCAGACCGGAACGAAATCAATGATCCTATATCCCGCGATTGATCTCAAA,1
CTCCAAATGGTTGCCGGGTAAGAGGCTGAAATGACTGATTCAAATGATCCTATGGCGGAA,1
AAGATGGCCAGATCATAAGGGAAAGACCAAATGACCAATATCAAGAAAGTTGCCCCCATC,0
CATTCCAGACTTCAAAAAAGGACCAACAAGATGGCTCCCAAAGTACTTATTTCCGACAAA,0
TTTCAATGGCAAGGTCTGGGAGGACGAAAATTGAATACTGTTCCAACGCAGGTCGACGGA,0
TATGGGTGAAACCCCGGGGGAGAGACCTGCATGAACTACGACGCCTTTTTCGCTGAACAA,1
CAGGTGCAAACATAGGGAGTAAAGGTTCCGATGACAACAAAAAGTGACGGAAGTGTTGTC,0
GACACAGATCGGTATGCAAGGAGGCATCACATGGAAAAATTTGGCAAATCACAGCCCGTA,0
AGAAGCTGCAGAAAAGAAAGAAGGTGACGCATGAAACTCGATGTCATCAAACTTGACGGT,0
TGTGCCAGCTAGACTTCCGGGAGATACTCGATGGCTGAATACGAATATGAAACACATGAA,0
CCAATCGAGAAGTTCAAAGGCAGACACGTTTTGGTTATATCGACACTCGCCGACACGGTG,0
GTCAAGTCGAGCTGGTAAGGAGCGCATCACATGAACGATCCTATCGCAGATATGCTGACA,0
AAACAGGGCAAATCAAGGGACGCGCGGAATATGGACGATCTCAAGCAAAAATACTTAAGC,0
CGATGTAACGGCCCCTTGCAGGAGATAACAATGGCAACAGAGACAAACGGCGCTGATGTC,0
CATTGTACCCTTTGCGCGCAGGAGAAAATAATGGGCCAAAGCAATATCAACCTTGGTGCC,0
ACACCGATTAGATCGCCCAAAGGACCAGATATGACCGACCTTGCCCCGCTGCGCCGCGCG,0
AGGCGCGTGAGTCCACGCAAGGAGCCTGCGATGTCTTCCGAACTCTCGCCGATCGACAAG,0
CGCCGAGGCGTTTGACAAGGCCTGTCCGGCATGATCGCCTTGATCAATCCAAATACGTCG,1
AATATCCTTCCTGCTACAGAAAGACTTCACATGTTCAATAAGATCCTGATTGCCAACCGC,1
ATTTAAACGTTAGAAAACAGGAGACAGGCCATGAAATTCACAGAAGAGCACGAATGGTTG,1
GAAATGTCGAGACTTGCGGACGGGATTTTAATGTCAAAAACCGAAAACGCGCAGAAGCCA,0
GACACAGATCGGTATGCAAGGAGGCATCACATGGAAAAATTTGGCAAATCACAGCCCGTA,0
CGTGCGCAAAAATGAGCCGAGGACACCGATATGGATACAGAGACCCTGACCACCCATGAT,0
CCGGACCATCCAGCAGAGGATACTTAACTGATGTCAGATACAGCTATCGGCACGGCAGAA,0
TTGCCGGACTTTATCACGGGATGATGTGAGATGACGCTCGCCACTGACTTGCTGCAGGCT,1
GTCTTCGCCTTAAGAAAAAGGGATCAAAAAATGTCAAAAGTTATCGGTATCGACCTCGGA,0
AAATGATCAGGAACAAAATCGAGGCCTGAGATGAACAACGTACCAGAACCGCTCGAGGGA,1
CCTGTGACATCAAAAGACAGGAGACCCGTCATGGCACAGGCTGCATTCGAAGAATTGGTC,1
AAGGCACGAAAATAAACAATGGGAGCAATCATGGAACAGCAAGAAACAACCGAAGTGAAT,1
CTAACGTGCAAAACGAAAGGGAGCCAGACCATGCCCATGCAAGCCCACGAGATCGAAGAC,0
CGGGGAACCTGTGACAACACCCGAGGCGCTATGGACTTGCTTGACGATCCCACACCGGGT,0
CGCGCAGAGACCCCAAAGAGGAAACCAGACATGCCCGCGCCACTGAACACGTTCAAAAAA,0
ACATACATTTTGAAGAAAGAAGGGTCTGGCATGGCGGCGACCATTATCGACGGAAAAGCC,1
GGGCCTCTGGGTCGCGCGTGGGGTATATTTATGAGCGCAGTGCAAACACTGACCGTCGGC,0
AAGATGGCCAGATCATAAGGGAAAGACCAAATGACCAATATCAAGAAAGTTGCCCCCATC,1
AGGCCGCAGATCGAGACGAGGGAGCCTGACATGGCGGACAAGGCAGAAGGCGGCGGGTTG,0
GCCTATACACTTCTGAAGGACCTTTGACTCATGACCGATTTCTTCAAGGACATCCCCGCC,1
GTTCTGCTCGCCACATTTTTCGGAGGACCTATGACCATTTTCCCGCAACTCGAAATCCCT,0
CTCCCCAAATGTACGAAAGGGCAGTGAGCAATGTCAGAAGACTTCATGCTGGACACAGAC,1
CGCACCCTGATCTCCCGAAGGAACACGAACATGGTTGGCAGCGCAAATCTCAATATCATG,0
AAACAGGGCAAATCAAGGGACGCGCGGAATATGGACGATCTCAAGCAAAAATACTTAAGC,1
AACTAACGGCAAGAAACGAGCATTTCATTTATGATCCTGACATCGACAGACGGGCAGACC,0
CTGATCTGCGTTCTGCATTTTGGCGGCTAGATGACACAGGATGCGCCACAGTCCGTTCTG,0
TTTCATTTTCCCTCCAAAGGGTGAACACAGATGACAGACACGCAAAACCCGAAATCTTCC,1
TCAAGAGCGGCCTCGGGATCATTTGAACCAATGAAAAAGCATTCAGATTTATTTTTTGAC,0
GCGCCGGGTGTGCATGCTAGGGGCTGGGGCATGGAAAAGCTCGAAGAACAGATCGCCCAT,1
GCCACAGAAGTTCCGCAGGAGGCTTGATCAATGGCTACTGAAATACTCATGCCCGCCCTA,1
GATAGCCACGAACGAGCTGGGGGGCATTTCATGGCCCTGCATCTGACCGATCTCATGGTC,1
CAAAGACAAATCACCGATCAGGAGCCGCCCATGACAACGCCCGAACCTCAGGCCGCCTTT,0
CCCCCGCCATCACAAGAAAGCTGACCGAACATGCCTGAACTCCCCGAAGTCGAGACCGTG,1
AAGCCACGGCAAGGCCGTTCATTGTCAGTCATGGCCAAAGACAACGCCTTTTCACCGACA,0
CGGCAAATTCATATGCAGGAGCCCACACTCATGAGCACGATCATCGACATTCACGCCCGC,1
GACACAGATCGGTATGCAAGGAGGCATCACATGGAAAAATTTGGCAAATCACAGCCCGTA,1
CCTTCCCGTGATGTTGAAAGGAATAGGGCGATGAACGCCAAGGAACTACACGATAAAACG,1
GTTAACACCTTAAACATCGGGAGGCTTCAAATGGCCAATTACGCAAATCTGCCGGCCCCG,1
GCGCGTTGGAGCAAGAGAGGGAGGCCAGCGATGAGTGCAAACACGGCGTATGAGGCTCTG,0
CCATGACGACTGGCCCGAGGGAGACTGCCCATGCTCGATCTGACTTATGAGACCCCCGCA,0
GCCCGCGCGATTACACGGCACCAGCAGGACATGACAAAAACTGCTCTCATCACCGGCGCA,0
CACATCACCCTTCCAAAATACAGGGCCGGCATGGTGGCTGAACCGCTCGTTCTGTTGCCC,0
GGGCCTCTGGGTCGCGCGTGGGGTATATTTATGAGCGCAGTGCAAACACTGACCGTCGGC,0
GCGGTGCATGTGAATTTCCCCTGATCCGCCATGGCACTCACACCTGATTTCGATGCGTTT,0
GCCGCTTCCGATAGCCTGGAGGCATAAACCATGCACGCCATCAAACCCGCGCATTCAAAG,1
AAGCAATTGCCAAGCTTAGGGGTGCCAGAAATGACATATAAAGACGTTTACCGGGCAAGT,0
AACCCATCTGATATTCAGATGGGTAAGTAGATGCTTGATAATGTGACGCTTGATCAGTTG,1
ACTATTTGTCGACGGAGGTTTTACAGCAAAATGAAGGCGTTAGTCTATACTGACATTGAG,0
TTTCTGCCTCCATCCCTGAGGAACCCGTTGATGAATGAACCCTTGAAGACCGGATCCACC,1
CAATGAGCGAACACAAAAGGGAGACCCGCAATGGAAACGATTTCTGAAAACGCCTGTTTC,1
CCTGTGACATCAAAAGACAGGAGACCCGTCATGGCACAGGCTGCATTCGAAGAATTGGTC,0
CGCACGCGCGGCCCACCTGGAAGGATACGCATGACACCCCTTTTATCTTTGCAGGGTCTG,0
ACGGGCATTTAAACGGGTGGGGTTGGTATCGTGGCCAAGAAAGTAACAGGCATTGAAGAG,0
GCGCCTCGATAACCGCGAAAGGAAACGCACATGTATACGGTCATCGGCCCCGTCAAATCC,0
GAGCCTAGCGAAATCCGCTAGCCCTTGGCCATGTTGAACGTGAATGAATTTGGCGCGCCC,0
AAACCATCGGGGAACAAAAGGGCAGGGCATATGGAGACGGCGCAGCTGGCGGCAGGCATC,0
CGCAGGCTGCGTCAAAAAAGTGCGAGCGATATGGAATTTTCTGAACTCCTGAAGCCGGAG,0
TAATTCCCCAATTCCCGGCAGGAGAGCGACATGGACCCGATTAAAACCCGTCAGCAAGGC,0
TGGGCGCATTGCAAGCAGAGAGCAAGACCAATGACCTACATCCCGAAATCCGATTTCATG,0
ACGGGCATTTAAACGGGTGGGGTTGGTATCGTGGCCAAGAAAGTAACAGGCATTGAAGAG,0
AGTGCCTCGCGCTCTTTCTAAACCAATCATATGAATGCACTGATTCCCGAAACAGGCCCC,1
GAACCGGTCCTAGAGCGCAGGGGTAAGCTGATGATTGATGATCCGAAAACACTCGTTTCG,1
GCCACAGAAGTTCCGCAGGAGGCTTGATCAATGGCTACTGAAATACTCATGCCCGCCCTA,0
TCGCAATTGTCGAGCACAAAGAGGAATATCATGAGCCTGAGCCTATTTGACCTGACGGGC,0
ACGACGCTCACAGCGAAATGGAGCTCAGCCATGGTCAGCACCCCCCAGCCAGACAGTGCG,0
GGAAAATCGGCCCCGAAGAGGAGTAAACCTGTGTCGCATGCAGAAGACCACGAAGGCACC,0
CGGGGAACCTGTGACAACACCCGAGGCGCTATGGACTTGCTTGACGATCCCACACCGGGT,0
CAATGGTGGTGCCGAGCGGGAGACACTGCCGTGAGCGGACATCTCACCATTCATGCCGCC,1
CTCAGCCATCCAAACACGAAGGACAGCGACATGATCCCCTCCGCCTACCCCGATGCGAAA,0
GATTGAGTTAAACGGTAGGTGAATACGGCGATGACGGATGCTCCCAAAATCTCGGCGATA,0
TTTACCGCCATGATGGACATGGGCTGATCGTTGATGGGCAACATTCACCCCAGTGCTGTC,1
GCTATGGTTCAAGAAACGAAAGCATGATCAATGACGCAATCACCGCCCTCGCCGACCGCT,1
TCGCAATTGTCGAGCACAAAGAGGAATATCATGAGCCTGAGCCTATTTGACCTGACGGGC,1
AAAGGCCAAGCAACAGAGAGGCAGCTGACCATGTGTGGTATTGTTGGCGTTCTGAGCAAA,1
CTGGGCGCGAATCCTCGCGGCGCTGACCTGATGTTTGCCGGGTTCGAGGTGGGCGACGCC,1
TTTCAATGGCAAGGTCTGGGAGGACGAAAATTGAATACTGTTCCAACGCAGGTCGACGGA,1
TGCTTTGCACCGTCTTCTAAGGAGAGCAGAATGTCTCGTATTGGTAAAAAACCGGTCGAT,1
GATGATGTCTAACAAAGTTCAGGATCGACAATGTCCCCCCTAAAAATCAAAAAAGGCTCC,0
TAGACAGCATGACTGACCTGCGGAGGATTCATGGATCTGCCTTTTGACGGTGCCATCAGC,1
TTTGGCGCGCGGTCGTGGCAGGACAGGGGCATGGATAAGCTTTTTGGAACGGATGGGGTG,0
CCATGGCGCGCCCAGACCGGAACGAAATCAATGATCCTATATCCCGCGATTGATCTCAAA,0
AGTGGCCGCCACAAGCAAGCGGAGGGCATCATGACCAAAGAGATCGTAATTCTGGACGGC,1
ACCCCGTGCCAATCCGATGGGAACAACCGTATGAGCAAGCCTTCTGACAATCCCGCAGAT,0
GGGGAACTCACCTGACGCTAACCTCCAACAATGGTTGAACATTCTTCCCTTGCCACAGAG,0
GCCCGCGCGATTACACGGCACCAGCAGGACATGACAAAAACTGCTCTCATCACCGGCGCA,1
GCGCCTCGATAACCGCGAAAGGAAACGCACATGTATACGGTCATCGGCCCCGTCAAATCC,0
CACAGAAGGCGACACCACGAAGGACAGTTTATGGCCCGGCCCACACCACCGGTTCCCGGC,0
GCTCACGCGGTCCTTTCTGGAGAGCATCGCATGAGCGCACCCAAATTCACGACCCTTGGC,1
GAACCCTCAACCAACTGTGGAGAGACTGTGATGGACGGAAATAACGTAGATCCAACCGGC,0
AAGCCACGGCAAGGCCGTTCATTGTCAGTCATGGCCAAAGACAACGCCTTTTCACCGACA,1
TCAAAACCTAAGACTAACGCGAGGTGCTGAATGACCACCCTATCAATCCCGGCACTGGAA,0
TACCGACCCCGATCAGAAGGAGCACACAACGTGCCTTCATTTTCAACGACACTGGAACAG,1
GCCTGTCCCAGACAAAGAGGCGTGCATGCTATGACATTTGAAACATCCGGCCCAGTTGAG,0
GGTGGAAATAGAAGGTATTTTCGAAGTTCAATGATACCCCATCTCCCTGAGGCGTTTCTG,1
CAGGTGCAAACATAGGGAGTAAAGGTTCCGATGACAACAAAAAGTGACGGAAGTGTTGTC,1
CTCAGCCATCCAAACACGAAGGACAGCGACATGATCCCCTCCGCCTACCCCGATGCGAAA,1
GGAAAATCGGCCCCGAAGAGGAGTAAACCTGTGTCGCATGCAGAAGACCACGAAGGCACC,0
AGGGTCGAAGATTGCGAGAGAGGTAAAGCGGTGATTTCAGTCAAACCCGATCCGGCGCAC,1
CTCATAGCGACGGAAGATGGCAGGCTGACCTTGGACGGGCTGACTCCTACGGAGACGCCG,1
CTGATCTGCGTTCTGCATTTTGGCGGCTAGATGACACAGGATGCGCCACAGTCCGTTCTG,1
CATTCCAGACTTCAAAAAAGGACCAACAAGATGGCTCCCAAAGTACTTATTTCCGACAAA,1
TTAAAGACGCCGATCAGGAGACGCGCCAGTATGGCCCAATACCCCACCAGTTTCGACAAA,1
ACGATCCAACTCGGGTAAGGGAGAAAACGAATGGGTGGAATTCCTCACGATCACTACGAG,1
GTGCGCGGGCCAGAAGCGGAGACGAAAAACATGAGCGAATGGACAAAATCAAGCTGGCGT,0
TGCTGCAGGCAAGTTCAAAAAGGTGCCGCAGTGCAGAATAATCCGAATACGACCCTCGTA,0
ACTATTTGTCGACGGAGGTTTTACAGCAAAATGAAGGCGTTAGTCTATACTGACATTGAG,1
CCATCACATCAAACACATTGGAGTATTTAGATGGGTTACCGCGTCGTTGTTGCGGGTGCC,1
AAAGTCCGAAAACCAAAAATGGGGTTCAGAATGAAAGACATCCTTGAGCAACTCGAAGAT,1
AACTGCGCCAGTCACAGACAAGGCGCAGGTATGGCACAGCAATCCGAAGACGAAGTTCTG,1
GAACCCTCAACCAACTGTGGAGAGACTGTGATGGACGGAAATAACGTAGATCCAACCGGC,0
TGCTGCAGGCAAGTTCAAAAAGGTGCCGCAGTGCAGAATAATCCGAATACGACCCTCGTA,0
GATTGAGTTAAACGGTAGGTGAATACGGCGATGACGGATGCTCCCAAAATCTCGGCGATA,0
CGTTATGCGGTTTAGAAGGGAAAGAACTTAATGGCTGGCAACAATGGCGGCCCCTGGGGG,1
CGCACGCGCGGCCCACCTGGAAGGATACGCATGACACCCCTTTTATCTTTGCAGGGTCTG,1
GTTCCGGGCAGGATAAGGACGCATAAGCGCATGGATTCGATATTGGTCAAAGGGGGCGGC,0
ACGACGCTCACAGCGAAATGGAGCTCAGCCATGGTCAGCACCCCCCAGCCAGACAGTGCG,0
CGACCGATCACAGATAAGGAGGCCTGACCAATGGCTGAACAAGCAACGCAAATGCAGGTC,1
GCGGTGCATGTGAATTTCCCCTGATCCGCCATGGCACTCACACCTGATTTCGATGCGTTT,0
AGGCGCGTGAGTCCACGCAAGGAGCCTGCGATGTCTTCCGAACTCTCGCCGATCGACAAG,0
CTTTCTTGGCATTGCAGTTATGGTGCTTTTATGACGGATATGACCCAAATCAAGGCGGCC,1
TTTGGCGCGCGGTCGTGGCAGGACAGGGGCATGGATAAGCTTTTTGGAACGGATGGGGTG,0
GTGCGCGGGCCAGAAGCGGAGACGAAAAACATGAGCGAATGGACAAAATCAAGCTGGCGT,1
ACGCAAAGACTGACGGATAGGCATTGTGCGATGACGCTACCGAATTATTTTTATGGCGGC,1
CCCGAACCCTGATCGATACCGGAGACGCTGATGCCTACTTTTACTGCCCTGACGACGCTG,0
AGAAACCTGCCATGGCGGGGGGGATGTAGCGTGAGCGGCAAGCTGACCCATTTTGATGGC,1
CGCACCCTAAGGAACTGTGAAAGGCCAATTATGCCCCAAGCTCTCGTATTGGAAGAAAAG,1
AACCTCCGTGGTCGCCAAGGGGTAAGGCGGATGTCGGCTGATCAACCTCTTGTTTTAGTT,0
AAGCACATCAGGCCTCGGAGGACCAAAAAGATGCTCACCAAGAAGCAGTTGGATTTGCTG,1
TGGTTCGAAACTCATCACAGGCCATGAATCATGATCACCCCTGACACCGAAGCGGCCCTG,0
TCAACCACGTAATTCGAAGGACCAATTCTCATGGCCGATGGCGCACTGGACATTAATACA,1
CCCGTCTTGCAGTTCAACAGGAGAACGAATGTGAATATCCCCGCCTCAGAACCAAGCTTT,1
GGAAAATCGGCCCCGAAGAGGAGTAAACCTGTGTCGCATGCAGAAGACCACGAAGGCACC,0
CGTGCCAGTTCGACGTAGTGGAGGGATAAGATGGTAAAGACCGTAATCATTGAAGAAGCC,1
CTTGGTTAGAAGCTGAATTGGAGAACCATTATGTCCGACGACCCAGACAAAGTTTGGCCG,1
CTTCAAGCGCGCCAAAGTTGAGGAACAGGAATGACAGAAAAGCTAAGCACCGAAACACGC,1
CCATCGCAGCAAACTGCCTACATCACGGGCATGGCACAGGTGAAATCATCCTCCAAATCC,1
AATATCCTTCCTGCTACAGAAAGACTTCACATGTTCAATAAGATCCTGATTGCCAACCGC,0
AAGCCCTCTTGAAAAATTGGAATTACATGCATGAAGACCCCCTTCCCTTTCTCCGCCATC,0
GCACTTTCTGATCATGACACGGAGAACCCTGTGGCCACACAATATGAAAACCTCAACGAC,1
AACCCATCTGATATTCAGATGGGTAAGTAGATGCTTGATAATGTGACGCTTGATCAGTTG,0
GCGCCTCGATAACCGCGAAAGGAAACGCACATGTATACGGTCATCGGCCCCGTCAAATCC,1
CACAGAAGGCGACACCACGAAGGACAGTTTATGGCCCGGCCCACACCACCGGTTCCCGGC,0
CGGTATTGTCCACAATGCCAGGAGAAACACATGACGGCGCACGCCATGAACGAAACAGCG,1
TGTGAGGCGAGCAGGAAAAGGGAATACACGATGAAGATGAATCCACTGGGCCACTCGGGA,0
TCAAGAGCGGCCTCGGGATCATTTGAACCAATGAAAAAGCATTCAGATTTATTTTTTGAC,0
TATGGGTGAAACCCCGGGGGAGAGACCTGCATGAACTACGACGCCTTTTTCGCTGAACAA,0
GCTTCGCCAAGACAACAGGGGATGTGATCGATGCTTGATTCCGCAAATTATACCCCGCGC,1
AGTTTTGCCAGCCGGGGGACAATAAGGCCTATGCAAGAGCCTGCCATCACACCAGACCTG,0
AGGCGCGTGAGTCCACGCAAGGAGCCTGCGATGTCTTCCGAACTCTCGCCGATCGACAAG,1
CGGGGAACCTGTGACAACACCCGAGGCGCTATGGACTTGCTTGACGATCCCACACCGGGT,1
CGGTCAATAAGTGTGCAGGAATGAGCGGATATGCCGGATACGAACCCGATTGAGTTAGGT,1
CGATGTAACGGCCCCTTGCAGGAGATAACAATGGCAACAGAGACAAACGGCGCTGATGTC,1
GTTAACACCTTAAACATCGGGAGGCTTCAAATGGCCAATTACGCAAATCTGCCGGCCCCG,0
CCAATCGAGAAGTTCAAAGGCAGACACGTTTTGGTTATATCGACACTCGCCGACACGGTG,1
TAACCAACCTCCAAATTACAGGGACAGATCATGGCATATAAGTCAGACATCGAAATCGCG,0
CCCTGCTTGTGGCCCCGCTAAACAAAGCCGATGAACGATGTCAGCGACACAAAACCGGTA,0
TATCCTCAAACTGATTGCCGAGGCGCGCGGTTGATCGCGTTTGACCATATTGCAATCGCC,1
AGCCCCACCCTTACATATTGGAGAGTATCAATGGCTGGAGAAATTCCGGATCTTGTCGCT,0
CGCAGGCTGCGTCAAAAAAGTGCGAGCGATATGGAATTTTCTGAACTCCTGAAGCCGGAG,1
GGAAAATCGGCCCCGAAGAGGAGTAAACCTGTGTCGCATGCAGAAGACCACGAAGGCACC,1
AACGAAAAATGACCAATACGAGGGGACATCATGGCGGCTATTACCACAATCCAGGATCTG,1
GAACCAGCGAAACAAGCGGCGGAGTAGACAATGACACAAGCCATGAAAATCGCGATTGTC,0
GCCCTTTCCCAGACGAGACATAGACCGCCCATGCCCGTATTCCTGAATGCTGCCGACCCG,0
CGCGCGGAACTTTAACCGAAAGGACGTTCTATGAAGATCGACGGCACGCACTACCGATCC,0
GGTGATCAAGATCGTCGATCAGGCGCTGGCATGACGGCCCCCGATCAAATTGAAGGCGCG,1
CATTCCAGACTTCAAAAAAGGACCAACAAGATGGCTCCCAAAGTACTTATTTCCGACAAA,0
GAAATGTCGAGACTTGCGGACGGGATTTTAATGTCAAAAACCGAAAACGCGCAGAAGCCA,0
GTCTTCGCCTTAAGAAAAAGGGATCAAAAAATGTCAAAAGTTATCGGTATCGACCTCGGA,0
CCCCCGCCATCACAAGAAAGCTGACCGAACATGCCTGAACTCCCCGAAGTCGAGACCGTG,0
CAAAGACAAATCACCGATCAGGAGCCGCCCATGACAACGCCCGAACCTCAGGCCGCCTTT,1
AACCGGTTCGACCTTTTGGAATAACGAAACATGGCTAAAATTACCGTTGTATCGCCACTG,1
CGGCCTATGAACCAACGAGGGACATTTATTATGGGTAAGCGGGACGATCTGATCGCGCAG,1
CTTCCTCATCCAGACAGCGGAAAAACCCAAATGCCGATCAAGATACCTGCCGACCTTCCT,0
GCGCAGACACAGACCATGAGGGAGAGATCGATGCAGGACCTGACACATTACTTGAACGGG,0
AAGGAAGAAGATGCAAAAAGGTTTTTCGGCATGTCTGACGCAGCAAATGATACCAAGGTC,1
GGAAGAACATATCATTGAGGAGCCGTCCTGATGTATCTCGCCTCTGACAACACCGGACCC,0
GAATGTGCAAGCTTGAAATGGTGCGGTGCGATGTCTGAGAACAATATACTTGCAGAGCGC,0
TCAAAACCTAAGACTAACGCGAGGTGCTGAATGACCACCCTATCAATCCCGGCACTGGAA,0
ATCCTTAACCTTGCCCCCAGGCTTATACACATGCCCCAACCGCTCATCCTCGCGTCGACC,0
TCCCTCTTCCTAATCTCGGAAACACCTCCCATGCCACACGTCCAAGAACCCAAGCTGATT,0
GAAATAATAACGAACAGGGAACAGTAAAAAATGGCACTAAAACCCCCATTATCCGATCTG,1
ATCCTTAACCTTGCCCCCAGGCTTATACACATGCCCCAACCGCTCATCCTCGCGTCGACC,1
GGCACCCGTATGACAAGGAGCACCCGATAGATGGCAGACACAGGCCTTCCGGCGCGCAGA,1
GATTGAGTTAAACGGTAGGTGAATACGGCGATGACGGATGCTCCCAAAATCTCGGCGATA,1
CGAATCAACCTATTCTGTGAGGAGCAGCGCATGGCCGCCAAAGACACCAATGACGACGCA,0
GCGCAGACACAGACCATGAGGGAGAGATCGATGCAGGACCTGACACATTACTTGAACGGG,1
TAACCAACCTCCAAATTACAGGGACAGATCATGGCATATAAGTCAGACATCGAAATCGCG,0
CAGCGGCAGACCGTGACGGAGGACGCATAGATGCCGGACCTGTTGCAAATCGGCGGTGTC,0
CAGCGGCAGACCGTGACGGAGGACGCATAGATGCCGGACCTGTTGCAAATCGGCGGTGTC,1
CCCCCCCAAACCACACCATATCCCATTACCATGACACCGCTTTCACATATCCGCAATTTC,1
AGATCGCCGTGCCGGATTGGGGGAAATCCTATGGGGGATGATGTGGTTCTGGATGTGCGT,0
CACAGAAGGCGACACCACGAAGGACAGTTTATGGCCCGGCCCACACCACCGGTTCCCGGC,1
CTGATCTGCGTTCTGCATTTTGGCGGCTAGATGACACAGGATGCGCCACAGTCCGTTCTG,0
GACACAGATCGGTATGCAAGGAGGCATCACATGGAAAAATTTGGCAAATCACAGCCCGTA,0
AACCTCCGTGGTCGCCAAGGGGTAAGGCGGATGTCGGCTGATCAACCTCTTGTTTTAGTT,1
GGTGGAAATAGAAGGTATTTTCGAAGTTCAATGATACCCCATCTCCCTGAGGCGTTTCTG,0
TGGGCGCATTGCAAGCAGAGAGCAAGACCAATGACCTACATCCCGAAATCCGATTTCATG,1
GGTCGGCTTGATGCTCTGGGTGGGAAGCTGATGATGAAACCGCTCAACCTCGTGAATGCG,1
GGGCTGGCGACACAATACACAGGGACACTCATGCCTGAGGTCATTTTCCCCGGCCCCGAG,1
GTGCGCGGGCCAGAAGCGGAGACGAAAAACATGAGCGAATGGACAAAATCAAGCTGGCGT,0
GATAGCCACGAACGAGCTGGGGGGCATTTCATGGCCCTGCATCTGACCGATCTCATGGTC,0
GACCGGCGACAGAACACAAAGAGAATTCGCATGAAAACAGCATTGGTCATCCTTGCGGCG,0
CAATGGTGGTGCCGAGCGGGAGACACTGCCGTGAGCGGACATCTCACCATTCATGCCGCC,0
TAACCAACCTCCAAATTACAGGGACAGATCATGGCATATAAGTCAGACATCGAAATCGCG,0
ACGACGCTCACAGCGAAATGGAGCTCAGCCATGGTCAGCACCCCCCAGCCAGACAGTGCG,1
GAGCCTAGCGAAATCCGCTAGCCCTTGGCCATGTTGAACGTGAATGAATTTGGCGCGCCC,0
CGGGGAACCTGTGACAACACCCGAGGCGCTATGGACTTGCTTGACGATCCCACACCGGGT,0
AAGCAATTGCCAAGCTTAGGGGTGCCAGAAATGACATATAAAGACGTTTACCGGGCAAGT,1
TCGCAATTGTCGAGCACAAAGAGGAATATCATGAGCCTGAGCCTATTTGACCTGACGGGC,0
ACACCGATTAGATCGCCCAAAGGACCAGATATGACCGACCTTGCCCCGCTGCGCCGCGCG,0
GCGTCAAGAAGTTAGTGATGGAACCTACCCATGCTTGATACAATGACATTTACGAAAGCA,1
AGGCCGCAGATCGAGACGAGGGAGCCTGACATGGCGGACAAGGCAGAAGGCGGCGGGTTG,1
CGCGCAGAGACCCCAAAGAGGAAACCAGACATGCCCGCGCCACTGAACACGTTCAAAAAA,0
CGCTACAGACCACTTTTCAGGAGAACCGCCATGGCCAACCCTTCCCTTTTAATTCTTCCG,1
AACCGGTTCGACCTTTTGGAATAACGAAACATGGCTAAAATTACCGTTGTATCGCCACTG,0
TCGCGAGTGCCTTGCAAAGACGGACACTGAATGAACACGCCCTTCGACCCTGATATGCCA,0
TGCCGGCCATAATGCTAAAGGAGCGTGAATATGTTCAAAGGTTCTATGCCTGCCCTCGTC,1
CCTGTGACATCAAAAGACAGGAGACCCGTCATGGCACAGGCTGCATTCGAAGAATTGGTC,0
CCTATCCCATCTTGAACGCAAGGAGGGCATATGGACCTGATCAACGTCAACGACCTGCCG,0
ACCGCCACAAGAACAATGGGGAGCCAAACCTTGGCTGAAAAAAGCTCAAACGACTCGTTC,1
GAAATAATAACGAACAGGGAACAGTAAAAAATGGCACTAAAACCCCCATTATCCGATCTG,0
CCCGTCTTGCAGTTCAACAGGAGAACGAATGTGAATATCCCCGCCTCAGAACCAAGCTTT,0
GGTCGGCTTGATGCTCTGGGTGGGAAGCTGATGATGAAACCGCTCAACCTCGTGAATGCG,0
GGGGAACTCACCTGACGCTAACCTCCAACAATGGTTGAACATTCTTCCCTTGCCACAGAG,1
TGTGAGGCGAGCAGGAAAAGGGAATACACGATGAAGATGAATCCACTGGGCCACTCGGGA,1
GAGGCATGAAATGTCAGGCATTGTAACATCATGAGCTTCTCACCCGACCAAAATGAATTG,0
GCCTGTCCCAGACAAAGAGGCGTGCATGCTATGACATTTGAAACATCCGGCCCAGTTGAG,1
GCCGCTTCCGATAGCCTGGAGGCATAAACCATGCACGCCATCAAACCCGCGCATTCAAAG,0
CTTTGACCTTACGAACTGAAGGATAACTTCGTGGTAGAAAGTTCGCAGGAATTCAGCCAA,1
CGACCGATCACAGATAAGGAGGCCTGACCAATGGCTGAACAAGCAACGCAAATGCAGGTC,0
GAAATGTCGAGACTTGCGGACGGGATTTTAATGTCAAAAACCGAAAACGCGCAGAAGCCA,1
CCCGAACCCTGATCGATACCGGAGACGCTGATGCCTACTTTTACTGCCCTGACGACGCTG,0
TGTGCGGTCGCGGCTATGCAATTTGGAAATATGGCTAAGAAAATGCTTATCGATGCCACC,0
GACCTGACATCCCAACACATGGAGAAAAGAATGACACATGTCCCACACGAGCTGGCCGAG,1
AGTGCCTCGCGCTCTTTCTAAACCAATCATATGAATGCACTGATTCCCGAAACAGGCCCC,0
ACCGATGGCTGGCCCCAAAAGGAGACGACGATGACCGACGCCTATATCTATGACGCGCTG,1
AGCAATAGAAACGCGGCGTCACAGGATTTGATGAAGACGACAGAGCCAACATGTCTGACG,1
GATTGAGTTAAACGGTAGGTGAATACGGCGATGACGGATGCTCCCAAAATCTCGGCGATA,0
GCTATATCACCGGGCGGATTGGATAAAATCATGATTGAACATCAACACATCGCATCGGCC,1
CCCGACGCCACATGAAAAGAGGTTTTCACAATGACTGATGCAAGCGTAAAAGAAACATTT,0
GGCCCGGCGCACAGATCAGGAGCGATGGAAATGTTCGACGCAGCAGAGGGCCAGACCGAG,1
TTCATCAACCTTTTGTATCGGTTTAGACACATGCCTAAAATCAACGGAAACGAAATCCGG,1
AAACATCCCCGAACCCGTGGAGCTGTACAAATGAGCGCCGCCCCCCAGAAAGCCAAAGCC,1
GTTCCGGGCAGGATAAGGACGCATAAGCGCATGGATTCGATATTGGTCAAAGGGGGCGGC,0
CACATCACCCTTCCAAAATACAGGGCCGGCATGGTGGCTGAACCGCTCGTTCTGTTGCCC,0
CGGCGCATTTGTTACGAAAGAGAGCCCTTCATGGTTTCTGCTGTCGAGAGCATGGCTGCC,1
AACCCATCTGATATTCAGATGGGTAAGTAGATGCTTGATAATGTGACGCTTGATCAGTTG,0
AGTGCCTCGCGCTCTTTCTAAACCAATCATATGAATGCACTGATTCCCGAAACAGGCCCC,0
GTCCGCGATCGCGTTTAAAGGATGTTCTGCATGACCGATCTGACCCCTCTGGACAAGGCC,1
CAAGCCCTTGAAGACTAAAGGACCTCCGAGATGTCGACCAGCCAGACCAGCGCGGATATT,0
GTCTTCGCCTTAAGAAAAAGGGATCAAAAAATGTCAAAAGTTATCGGTATCGACCTCGGA,0
CGAATCAACCTATTCTGTGAGGAGCAGCGCATGGCCGCCAAAGACACCAATGACGACGCA,0
CAGGGGCAAGTCCCCGGATAGGAGAGAGACATGTTTAAGGCGCTTGTGGTCAACAAGGAC,0
GCGCAGACACAGACCATGAGGGAGAGATCGATGCAGGACCTGACACATTACTTGAACGGG,0
ACACCGATTAGATCGCCCAAAGGACCAGATATGACCGACCTTGCCCCGCTGCGCCGCGCG,1
GCAGTATACCTACCGGTACGGGGGAAAATGATGTTTGAAGAGAGTGTCGGTCGTTTAAAG,0
TAGCCGCACCCTAGGAATAGTAGCCACCTCATGGATTCCAGCCTCAATACAGCGGAAATG,1
AACTAACGGCAAGAAACGAGCATTTCATTTATGATCCTGACATCGACAGACGGGCAGACC,1
TTTGGCGCGCGGTCGTGGCAGGACAGGGGCATGGATAAGCTTTTTGGAACGGATGGGGTG,1
CTTTGAAAACCGACCCGAGGGGAATTGACCATGACGCTGCCTGATCCCCCCAAACAGGAA,0
GATGATGTCTAACAAAGTTCAGGATCGACAATGTCCCCCCTAAAAATCAAAAAAGGCTCC,1
GATTGAGTTAAACGGTAGGTGAATACGGCGATGACGGATGCTCCCAAAATCTCGGCGATA,0
AAAGCCGGGTGAAGTGTATTCCTTCGGGATATGACGTTCATCGGACCAAACCTCGCGCTG,1
CTCCAAATGGTTGCCGGGTAAGAGGCTGAAATGACTGATTCAAATGATCCTATGGCGGAA,0
CGGGCAGCAGGGTTTGGGGGCAGTCGCTTTATGACGGCGCAGACCGGTCAGACGCAATCA,0
CCCGACGCCACATGAAAAGAGGTTTTCACAATGACTGATGCAAGCGTAAAAGAAACATTT,1
GCCCTTTCCCAGACGAGACATAGACCGCCCATGCCCGTATTCCTGAATGCTGCCGACCCG,0
GAACCCTCAACCAACTGTGGAGAGACTGTGATGGACGGAAATAACGTAGATCCAACCGGC,1
TCAAAACCTAAGACTAACGCGAGGTGCTGAATGACCACCCTATCAATCCCGGCACTGGAA,0
GACAACAAACCCAGGAAAGGTTTTTCACGCATGGCAAATTCGCCCCAAGCCAAGAAGCGC,1
AGAAGCTGCAGAAAAGAAAGAAGGTGACGCATGAAACTCGATGTCATCAAACTTGACGGT,1
CACTCAAATTGCGTATGAATGGATCATCTCATGACAACCCTCGTTTTTGGCCATAAATCC,1
ATCGCGGCACAATCAAAGGGATCCATCGCTATGTTTCAGTCATTTGAAGTCACAGCCCGC,0
TGTGAGGCGAGCAGGAAAAGGGAATACACGATGAAGATGAATCCACTGGGCCACTCGGGA,0
CGGCGCATAGCAAAACGGAAGACAGACAACATGGCACTCAAGTCGTATAAACCGACGACG,1
